Employee_ID,Employee_Name,Login_Timestamp,Logout_Timestamp,IP_Address,Device_ID,File_Accessed,File_Access_Count,Transaction_ID,Transaction_Amount,Access_Location,Access_Time_Category,Risk_Score
E2324,Timothy Alexander,21-04-2025 11:55,11-04-2025 02:08,104.188.94.92,DVC924,forward.docx,3,T58203,27180.0,Juliaside,Business Hours,
E2191,Nicole Murphy,22-04-2025 01:57,03-05-2025 02:51,137.30.213.126,DVC581,ago.csv,4,T83412,28836.0,Alyssabury,Business Hours,
E2266,Anita Castillo,02-05-2025 20:57,29-04-2025 00:48,62.154.230.129,DVC571,he.docx,4,T91806,38378.0,Port Mirandaburgh,Business Hours,
E2499,Brittany Lewis,22-04-2025 15:32,21-04-2025 16:55,199.79.212.113,DVC935,yard.docx,2,T68283,24780.0,East Natalieborough,After Hours,
E2219,Jay Brown,18-04-2025 15:24,11-04-2025 08:25,77.164.115.30,DVC549,along.docx,3,T50628,36595.0,Susanberg,After Hours,
E2480,Alison Berry,12-04-2025 15:34,23-04-2025 23:34,92.126.75.232,DVC557,catch.csv,3,T38902,20165.0,West Ashleychester,Business Hours,
E2436,David Sims,14-04-2025 09:37,12-04-2025 23:06,176.135.221.131,DVC695,choose.xlsx,2,T43218,9959.0,Ryanberg,Business Hours,
E2067,Frank Bennett,05-05-2025 04:55,15-04-2025 05:06,75.125.128.76,DVC676,let.xlsx,5,T78503,154481.0,New Janetberg,Business Hours,
E2164,Douglas Mendez,19-04-2025 07:45,25-04-2025 17:44,171.53.205.144,DVC664,girl.csv,3,T59699,33698.0,Sarahborough,After Hours,
E2295,Tina Gonzalez,13-04-2025 00:47,10-04-2025 11:08,18.117.91.149,DVC564,past.csv,1,T34910,18573.0,Lake Kristenburgh,After Hours,
E2029,Jennifer Nelson,15-04-2025 01:26,15-04-2025 12:50,185.44.89.188,DVC962,contain.csv,2,T62547,33900.0,Hornefort,Business Hours,
E2271,Devon Parker,22-04-2025 01:03,01-05-2025 10:42,166.226.0.209,DVC907,theory.csv,4,T48137,42295.0,Garciafort,After Hours,
E2068,Keith Beltran,27-04-2025 09:17,14-04-2025 15:09,182.188.95.125,DVC583,organization.xlsx,11,T86689,199948.0,East Hunter,Business Hours,
E2439,James Howard,26-04-2025 14:21,09-04-2025 06:09,122.182.193.193,DVC664,rate.csv,3,T65678,25296.0,West Lori,Business Hours,
E2248,Larry Holt,15-04-2025 14:55,19-04-2025 05:05,159.222.4.131,DVC615,billion.xlsx,1,T13155,17832.0,Jonesshire,After Hours,
E2207,Marcus Morris,05-05-2025 15:20,14-04-2025 20:02,194.93.227.35,DVC864,teacher.docx,2,T46148,37904.0,Danafort,After Hours,
E2376,John Thomas,06-05-2025 04:56,17-04-2025 05:38,95.136.181.58,DVC546,series.csv,4,T87137,19025.0,South Davidmouth,Business Hours,
E2453,Bethany Mccoy,14-04-2025 22:26,23-04-2025 15:11,91.2.106.49,DVC660,add.csv,1,T75058,15536.0,South James,Business Hours,
E2467,Robert Ross,21-04-2025 13:17,02-05-2025 21:54,168.187.150.132,DVC724,see.csv,3,T60662,8681.0,Masonbury,After Hours,
E2482,Jonathan Stephenson,06-05-2025 12:15,06-05-2025 01:56,56.72.69.241,DVC619,girl.csv,2,T86064,2357.0,West Loritown,After Hours,
E2290,Ashley Mendez,25-04-2025 02:36,04-05-2025 22:04,222.186.237.223,DVC914,knowledge.xlsx,1,T96447,25058.0,Adamsberg,Business Hours,
E2110,Anna Griffin,07-05-2025 03:35,29-04-2025 01:26,132.9.10.79,DVC594,sea.csv,2,T81440,28939.0,East Michaeltown,After Hours,
E2395,Stacy Craig,28-04-2025 21:40,26-04-2025 21:09,52.35.70.186,DVC954,mother.csv,4,T94514,37768.0,East Jessica,Business Hours,
E2434,John Rollins,01-05-2025 11:15,04-05-2025 14:06,189.32.146.103,DVC723,continue.xlsx,2,T72724,23704.0,Emilyland,After Hours,
E2199,Nathan Krause,11-04-2025 05:35,18-04-2025 14:18,87.168.229.184,DVC531,end.csv,2,T41246,42195.0,North James,Business Hours,
E2017,Cody Miller,30-04-2025 14:02,28-04-2025 21:47,202.148.45.114,DVC977,its.xlsx,3,T17155,20978.0,Vargasfort,After Hours,
E2377,Victor Goodman,16-04-2025 14:51,20-04-2025 07:16,66.221.209.182,DVC520,still.xlsx,1,T38763,17918.0,Marshallfurt,After Hours,
E2425,Joshua Flores,19-04-2025 14:11,26-04-2025 22:50,52.218.50.25,DVC587,war.docx,1,T76867,9092.0,Port Ann,After Hours,
E2460,Raymond Holland,05-05-2025 21:07,17-04-2025 03:21,198.150.99.126,DVC777,shoulder.csv,2,T49616,39952.0,North Williamburgh,After Hours,
E2387,Courtney Bond,01-05-2025 11:42,21-04-2025 12:36,180.184.188.126,DVC520,others.csv,1,T45814,48179.0,Port Amber,After Hours,
E2112,Jeremy Cross,18-04-2025 03:08,29-04-2025 20:18,6.116.222.127,DVC825,reason.csv,3,T81900,45531.0,Samanthachester,After Hours,
E2438,Shelby Ferrell,08-05-2025 02:47,19-04-2025 12:55,81.84.65.109,DVC794,hospital.xlsx,2,T54471,49138.0,Carpenterville,After Hours,
E2206,Daniel Joyce,10-04-2025 19:27,25-04-2025 09:01,143.8.85.16,DVC702,few.xlsx,1,T26547,23519.0,Lisahaven,After Hours,
E2165,Stacy Sherman,28-04-2025 21:04,17-04-2025 20:29,7.162.64.36,DVC877,return.docx,4,T89102,35806.0,Lake Gregoryfort,Business Hours,
E2185,Hailey Jones,02-05-2025 22:50,03-05-2025 10:40,139.246.23.67,DVC968,lawyer.csv,10,T92010,112354.0,Mcmahonstad,Business Hours,
E2047,Oscar Kelly,19-04-2025 07:21,14-04-2025 10:50,219.241.234.173,DVC986,project.csv,1,T57881,48415.0,West Craigtown,After Hours,
E2430,John Becker,25-04-2025 21:41,13-04-2025 12:10,4.202.147.119,DVC944,huge.csv,4,T87432,26734.0,Lake Derekstad,After Hours,
E2400,Nicholas Jacobson,27-04-2025 04:13,19-04-2025 16:48,153.121.155.136,DVC637,assume.docx,1,T93669,40394.0,Hillburgh,Business Hours,
E2036,Suzanne Hicks,12-04-2025 23:15,17-04-2025 20:58,123.43.172.7,DVC617,like.xlsx,2,T62421,26794.0,East Blake,After Hours,
E2071,Colin Santana,13-04-2025 22:30,09-04-2025 02:59,151.249.92.176,DVC860,parent.xlsx,4,T25568,12171.0,North Thomaschester,After Hours,
E2020,Billy Meyer,04-05-2025 20:27,26-04-2025 14:32,63.210.135.38,DVC651,describe.docx,2,T22267,19649.0,Williamsbury,After Hours,
E2344,Cynthia Butler,16-04-2025 13:26,06-05-2025 09:39,105.65.27.248,DVC673,third.csv,4,T65673,23788.0,South Jamiemouth,After Hours,
E2305,Sarah Thomas,14-04-2025 00:34,12-04-2025 09:41,22.76.90.9,DVC785,represent.csv,2,T40899,21473.0,West Gabrielburgh,Business Hours,
E2374,Amanda Fleming MD,25-04-2025 05:05,26-04-2025 05:56,35.207.189.252,DVC861,push.xlsx,2,T17745,2646.0,Myersborough,After Hours,
E2236,Suzanne Gonzalez,27-04-2025 19:02,18-04-2025 22:43,60.138.211.19,DVC795,purpose.csv,4,T16008,4983.0,Johnsonmouth,Business Hours,
E2125,Louis Barnes,07-05-2025 13:08,23-04-2025 14:00,114.108.138.182,DVC719,matter.csv,2,T22080,30441.0,Josephshire,After Hours,
E2375,Autumn Gardner,09-04-2025 17:34,22-04-2025 13:41,202.122.251.86,DVC757,arrive.xlsx,3,T82225,6960.0,Griffithmouth,Business Hours,
E2220,Andrew Hernandez,19-04-2025 07:47,10-04-2025 13:32,71.189.55.166,DVC859,state.csv,1,T47373,26751.0,Alicialand,Business Hours,
E2267,Kevin Herring,15-04-2025 09:34,15-04-2025 08:34,18.14.133.183,DVC770,building.csv,1,T39781,38552.0,East Curtis,Business Hours,
E2149,Robin Salas,10-04-2025 13:08,02-05-2025 18:58,9.143.78.5,DVC597,camera.csv,2,T43680,46605.0,West Kara,After Hours,
E2088,Cameron Ramos DVM,14-04-2025 19:57,25-04-2025 09:22,16.157.90.113,DVC518,hear.xlsx,1,T90350,43982.0,North David,After Hours,
E2115,Mitchell Rivas,15-04-2025 00:06,27-04-2025 05:00,111.83.186.140,DVC773,mouth.docx,4,T73135,41273.0,Lake Nancyton,After Hours,
E2054,Michael Wise,18-04-2025 10:44,26-04-2025 04:29,198.234.182.35,DVC612,have.csv,1,T28533,34282.0,Anthonyfurt,Business Hours,
E2386,Jessica Carter,24-04-2025 05:00,12-04-2025 13:42,11.171.14.236,DVC538,program.xlsx,1,T60266,37153.0,New Antonioville,After Hours,
E2152,Judy King,16-04-2025 17:09,01-05-2025 02:56,4.185.94.239,DVC913,around.csv,4,T31045,12237.0,Angieberg,After Hours,
E2363,Nicholas Garcia,02-05-2025 15:09,04-05-2025 17:01,174.96.36.134,DVC917,figure.xlsx,1,T57701,18174.0,South Amyside,After Hours,
E2094,Jerry Garcia,24-04-2025 21:00,04-05-2025 06:23,209.247.64.63,DVC846,whether.csv,1,T96789,32299.0,North Victoriafurt,After Hours,
E2111,Jose Molina,06-05-2025 08:57,10-04-2025 13:50,132.213.163.172,DVC606,director.xlsx,1,T97891,45620.0,Sarahmouth,Business Hours,
E2418,Tammy Taylor,09-04-2025 20:31,19-04-2025 15:19,216.171.100.159,DVC763,actually.xlsx,2,T47833,32378.0,Jeremiahshire,Business Hours,
E2285,Cheryl Ramirez,12-04-2025 01:10,17-04-2025 22:09,18.187.160.12,DVC630,certain.docx,1,T49437,31893.0,Howellbury,After Hours,
E2138,Brian Dalton,01-05-2025 05:58,01-05-2025 20:25,76.120.14.140,DVC827,capital.csv,3,T24084,28516.0,Danielstad,Business Hours,
E2293,Donna Thompson,15-04-2025 19:43,30-04-2025 07:18,184.169.188.189,DVC572,tend.xlsx,1,T89413,25162.0,New Olivia,Business Hours,
E2034,Lori Moore,25-04-2025 07:03,06-05-2025 18:37,33.210.76.135,DVC770,relate.xlsx,1,T42904,15919.0,New Claudia,Business Hours,
E2212,Casey Lee,13-04-2025 00:26,09-04-2025 05:17,167.60.132.27,DVC778,work.docx,1,T92547,7964.0,Smithbury,After Hours,
E2039,Douglas Robinson,05-05-2025 19:44,25-04-2025 02:01,27.217.140.14,DVC537,water.csv,2,T41424,19857.0,South Cathyton,Business Hours,
E2179,Timothy Perez,16-04-2025 02:45,25-04-2025 01:34,134.230.109.55,DVC696,could.xlsx,2,T76161,7846.0,South Mary,After Hours,
E2278,Nancy Roberts,27-04-2025 19:01,11-04-2025 08:43,214.231.73.98,DVC541,suddenly.docx,1,T55788,24225.0,South Kelsey,After Hours,
E2385,Walter Wilkinson,20-04-2025 07:09,03-05-2025 01:21,83.123.29.121,DVC713,under.docx,4,T23176,6770.0,Carpenterbury,After Hours,
E2098,Brandon Byrd,02-05-2025 20:27,25-04-2025 09:54,71.149.204.241,DVC635,who.xlsx,2,T36682,44587.0,East Kim,After Hours,
E2078,Kevin Hill,28-04-2025 20:57,06-05-2025 22:37,57.154.90.207,DVC549,million.xlsx,4,T22948,20607.0,Kathrynfort,After Hours,
E2426,Ashley Coleman,02-05-2025 15:43,08-04-2025 16:10,153.99.65.207,DVC636,might.csv,1,T33158,47590.0,Housetown,After Hours,
E2489,Travis Brown,24-04-2025 08:20,21-04-2025 01:49,154.46.45.43,DVC827,during.csv,1,T94573,3973.0,New Susan,Business Hours,
E2018,Rachel Curry,09-04-2025 13:35,05-05-2025 05:50,153.20.12.109,DVC508,case.xlsx,1,T70549,34872.0,Baileyfort,Business Hours,
E2172,Charles Crawford DVM,05-05-2025 19:49,23-04-2025 03:54,61.81.233.2,DVC862,fund.docx,4,T86153,21007.0,Sharpside,After Hours,
E2160,Nicholas Gonzalez,30-04-2025 17:32,03-05-2025 01:01,135.151.129.20,DVC556,director.csv,3,T79068,9005.0,Donnatown,After Hours,
E2043,Kelly Larsen,09-04-2025 10:41,14-04-2025 19:43,142.166.159.189,DVC554,house.docx,3,T33222,25761.0,Robertview,After Hours,
E2141,Terri Hall,21-04-2025 03:37,19-04-2025 04:49,205.62.0.10,DVC717,officer.csv,3,T83196,32582.0,Lake Leah,Business Hours,
E2100,Charles Rose,21-04-2025 06:37,25-04-2025 03:57,191.190.199.136,DVC887,partner.csv,2,T33821,25053.0,North Josephland,Business Hours,
E2005,Misty Lee,18-04-2025 02:39,23-04-2025 01:49,145.244.197.215,DVC785,reality.docx,2,T19979,7867.0,Marisaton,Business Hours,
E2321,Sherry Williams,22-04-2025 18:38,11-04-2025 17:39,192.2.210.50,DVC802,agreement.csv,3,T64930,13089.0,Webbberg,Business Hours,
E2275,Lisa Ryan,17-04-2025 04:33,08-04-2025 11:31,97.73.156.7,DVC614,training.xlsx,3,T18889,8407.0,West Andreaview,Business Hours,
E2330,Steven Sexton,30-04-2025 19:17,11-04-2025 19:22,49.81.151.0,DVC850,quite.csv,3,T43833,26618.0,Stevenbury,After Hours,
E2026,Christian Torres,17-04-2025 15:05,21-04-2025 16:35,89.193.59.20,DVC937,window.docx,3,T20437,23031.0,New Dawn,Business Hours,
E2486,Erik Williams,12-04-2025 05:33,29-04-2025 11:00,19.20.212.176,DVC618,few.xlsx,3,T82337,25919.0,Karenshire,After Hours,
E2452,Charles Davidson,30-04-2025 18:33,16-04-2025 21:18,35.198.175.92,DVC502,quality.csv,4,T89207,45425.0,Robertville,Business Hours,
E2091,Christine Owen,21-04-2025 22:54,17-04-2025 08:14,175.74.79.45,DVC506,turn.xlsx,4,T75168,31334.0,East Kevinview,After Hours,
E2479,Edward Brooks,22-04-2025 06:03,15-04-2025 22:02,65.45.242.226,DVC727,benefit.docx,4,T38967,25851.0,New James,After Hours,
E2024,Lindsey Garcia,16-04-2025 10:51,14-04-2025 11:31,150.86.137.26,DVC538,anyone.csv,2,T41460,35094.0,Brianville,Business Hours,
E2195,Michele Holt,07-05-2025 10:19,22-04-2025 22:27,42.208.77.18,DVC862,specific.docx,2,T35083,10342.0,Port Michael,After Hours,
E2268,Ralph Garcia,22-04-2025 03:47,23-04-2025 14:56,8.13.147.234,DVC835,choose.xlsx,2,T51448,41264.0,East Michael,Business Hours,
E2492,Billy Riley,14-04-2025 04:09,11-04-2025 00:37,67.125.182.167,DVC564,network.docx,1,T91045,44385.0,Newmanview,Business Hours,
E2392,Paige Schmidt,01-05-2025 23:51,24-04-2025 20:01,66.191.122.161,DVC951,recognize.csv,13,T96563,153088.0,New Melissatown,After Hours,
E2326,Chad Romero,01-05-2025 22:20,26-04-2025 16:55,102.152.159.83,DVC735,phone.csv,1,T52940,47356.0,Martinstad,After Hours,
E2231,Ashley Williams,30-04-2025 00:27,26-04-2025 18:32,215.55.55.88,DVC898,real.docx,1,T80540,11772.0,Lake Kristychester,After Hours,
E2153,Lauren Stephens,15-04-2025 02:01,07-05-2025 10:13,199.69.79.2,DVC809,manager.csv,1,T57684,31132.0,Fishermouth,After Hours,
E2339,Tammy Turner,10-04-2025 17:45,22-04-2025 16:18,183.201.113.114,DVC768,first.xlsx,1,T80111,20022.0,East Peterton,After Hours,
E2210,Justin Hall,26-04-2025 21:33,25-04-2025 15:53,35.150.178.233,DVC574,spring.xlsx,1,T27908,7321.0,Derrickton,After Hours,
E2471,Kevin Johnson,29-04-2025 23:05,09-04-2025 07:38,77.94.109.112,DVC687,protect.csv,1,T25919,41649.0,Jessicaville,After Hours,
E2314,Denise Cole,30-04-2025 02:44,07-05-2025 08:34,87.223.49.193,DVC540,phone.xlsx,3,T38834,26090.0,Port Randyhaven,After Hours,
E2455,Stephanie Hale,25-04-2025 23:57,22-04-2025 04:47,194.123.248.241,DVC561,what.xlsx,2,T41645,43630.0,West Mary,After Hours,
E2119,Kelly Carter,08-05-2025 02:52,11-04-2025 03:18,116.106.103.242,DVC814,value.csv,3,T77760,13402.0,West Stephanie,Business Hours,
E2021,Carlos Smith,20-04-2025 04:11,11-04-2025 14:56,73.20.255.230,DVC963,forget.xlsx,4,T85285,30015.0,Carolland,Business Hours,
E2148,Hayden Parker,07-05-2025 15:17,14-04-2025 02:00,78.180.181.55,DVC786,practice.docx,4,T25619,2010.0,New Christinachester,After Hours,
E2208,Elizabeth Robinson,16-04-2025 06:55,15-04-2025 03:19,54.134.212.106,DVC688,camera.docx,1,T23967,9554.0,Jeremyfort,After Hours,
E2311,Patrick Harmon,11-04-2025 10:04,19-04-2025 07:57,199.79.20.197,DVC774,hair.xlsx,4,T67657,23934.0,Donovanshire,After Hours,
E2186,Jeffrey Nguyen,14-04-2025 21:41,22-04-2025 19:04,121.204.228.63,DVC855,nothing.xlsx,4,T96801,40634.0,Brewerville,Business Hours,
E2458,Brian Johnson,01-05-2025 10:22,10-04-2025 22:41,206.30.126.177,DVC951,step.csv,4,T64224,25912.0,Beckmouth,After Hours,
E2245,Allison Phelps,20-04-2025 05:58,01-05-2025 07:43,160.40.255.240,DVC920,true.xlsx,4,T40757,33359.0,South Matthew,After Hours,
E2393,Bethany Nelson,12-04-2025 15:42,01-05-2025 12:49,101.196.8.211,DVC684,do.xlsx,2,T19078,27557.0,North Richard,After Hours,
E2240,Vincent Bauer,19-04-2025 01:27,14-04-2025 23:01,156.133.38.148,DVC579,do.xlsx,3,T96602,48786.0,West Paul,Business Hours,
E2053,Timothy Clark,20-04-2025 19:21,28-04-2025 09:02,179.162.8.129,DVC765,discuss.docx,2,T55656,42796.0,New Paulaton,After Hours,
E2129,Corey Rodgers,14-04-2025 02:11,25-04-2025 23:21,115.146.10.179,DVC790,have.docx,3,T42348,28804.0,New John,Business Hours,
E2229,Alicia Howell,18-04-2025 19:52,18-04-2025 04:24,138.161.166.227,DVC661,strategy.xlsx,2,T28752,36494.0,New Abigail,After Hours,
E2101,Sara Jordan,19-04-2025 18:51,14-04-2025 14:03,107.208.92.192,DVC827,reality.csv,2,T79221,3841.0,New James,Business Hours,
E2238,Dominique Hernandez,04-05-2025 18:10,24-04-2025 20:35,124.239.47.125,DVC635,lead.docx,1,T47842,10581.0,South Pennystad,After Hours,
E2435,Terri Zamora,12-04-2025 07:01,06-05-2025 03:15,3.55.134.188,DVC905,herself.docx,3,T89559,14744.0,Christophermouth,After Hours,
E2475,Chelsea Cook,06-05-2025 09:11,05-05-2025 03:40,58.149.189.163,DVC519,support.csv,2,T14411,29684.0,Penaside,After Hours,
E2162,Tiffany Frey,16-04-2025 09:56,19-04-2025 01:08,82.204.188.156,DVC758,buy.docx,1,T85480,48431.0,Lake Amanda,Business Hours,
E2470,Jennifer Chaney,07-05-2025 03:44,23-04-2025 00:28,38.136.55.221,DVC552,his.xlsx,2,T76475,33055.0,East Hollyside,Business Hours,
E2169,William Lopez,23-04-2025 09:41,15-04-2025 23:59,47.3.44.254,DVC755,figure.xlsx,1,T28842,23090.0,North Brianville,After Hours,
E2366,Katrina Burns,30-04-2025 10:44,28-04-2025 11:06,119.201.149.224,DVC908,ago.csv,12,T96866,127518.0,Lake Jessica,Business Hours,
E2254,Victor Browning,08-04-2025 10:30,25-04-2025 08:12,138.52.32.210,DVC656,right.docx,1,T50339,43255.0,Stephenside,After Hours,
E2465,Jennifer Gibson,13-04-2025 05:05,16-04-2025 06:20,110.2.43.145,DVC850,home.docx,3,T44340,49198.0,Lake Juanton,After Hours,
E2174,Emily Adams,23-04-2025 16:33,19-04-2025 16:21,179.38.101.237,DVC756,sister.csv,3,T67751,46940.0,Sheilaview,After Hours,
E2384,Lori Brooks,15-04-2025 13:22,25-04-2025 23:09,73.140.75.155,DVC715,respond.csv,1,T17211,19735.0,New Linda,After Hours,
E2130,Elizabeth Lawson,09-04-2025 19:34,22-04-2025 04:57,50.115.214.224,DVC682,form.csv,2,T96018,30519.0,Smithhaven,Business Hours,
E2108,Anna Oliver,25-04-2025 17:47,04-05-2025 16:32,65.121.5.90,DVC979,throughout.xlsx,4,T23747,16100.0,Lisahaven,Business Hours,
E2296,Jeffery Jennings,21-04-2025 21:12,01-05-2025 09:56,112.131.253.77,DVC664,product.csv,2,T19998,41833.0,Fernandoberg,After Hours,
E2389,Jonathan Long,17-04-2025 00:04,27-04-2025 09:05,23.105.160.200,DVC754,college.xlsx,1,T98450,28024.0,Port Davidchester,After Hours,
E2158,Carrie Steele,09-04-2025 22:27,07-05-2025 14:30,109.171.87.130,DVC996,decide.docx,1,T23173,24626.0,Jonesside,Business Hours,
E2022,Jennifer Olson,12-04-2025 10:42,19-04-2025 02:55,35.60.86.26,DVC817,site.xlsx,2,T87002,23532.0,Tarabury,Business Hours,
E2328,Sharon Webster,27-04-2025 15:47,10-04-2025 17:39,56.40.33.75,DVC545,effect.xlsx,2,T31645,16503.0,Port Deniseside,After Hours,
E2074,Kara English,21-04-2025 20:29,23-04-2025 10:11,94.76.167.129,DVC855,economy.csv,2,T98686,4560.0,Martinburgh,After Hours,
E2028,Taylor Black,29-04-2025 00:25,09-04-2025 00:45,105.235.38.37,DVC816,exist.csv,1,T89109,7702.0,Cathyfurt,After Hours,
E2163,Todd Carter,10-04-2025 20:18,22-04-2025 11:03,12.73.7.177,DVC876,really.xlsx,3,T40560,33548.0,Brendanland,Business Hours,
E2073,Jessica Hernandez,23-04-2025 20:05,10-04-2025 02:08,73.15.225.159,DVC707,cause.xlsx,3,T91483,11791.0,Reyesland,After Hours,
E2014,Rachel Rodriguez,02-05-2025 02:22,21-04-2025 12:03,69.117.189.219,DVC583,spend.csv,4,T13085,42006.0,Smithfort,After Hours,
E2357,Donald Hernandez,09-04-2025 03:41,14-04-2025 10:56,135.118.169.61,DVC749,week.docx,3,T57009,46703.0,Arellanoborough,Business Hours,
E2449,Erin Richardson,21-04-2025 15:50,14-04-2025 05:22,223.112.61.105,DVC893,perform.docx,1,T17612,24143.0,Terrymouth,After Hours,
E2027,Jesus Howell,18-04-2025 20:19,16-04-2025 15:38,135.97.10.0,DVC835,hospital.docx,1,T83521,46731.0,New Juliehaven,Business Hours,
E2358,Natasha Stevens,23-04-2025 21:41,03-05-2025 04:24,105.196.198.219,DVC725,bank.csv,4,T33447,5440.0,East Andrew,Business Hours,
E2189,Mrs. Jody Ryan,10-04-2025 09:36,30-04-2025 05:05,57.63.68.187,DVC632,successful.csv,1,T96468,36650.0,New Scott,Business Hours,
E2001,Ricky Jones,28-04-2025 03:11,07-05-2025 22:49,166.43.78.10,DVC612,scene.docx,4,T56647,21598.0,Williambury,Business Hours,
E2118,Eric Williams,05-05-2025 19:43,12-04-2025 01:06,123.176.95.102,DVC922,seek.xlsx,3,T77665,35876.0,New Bradleyton,After Hours,
E2424,Kristie Dunn,30-04-2025 12:35,16-04-2025 17:06,71.232.211.75,DVC784,thus.xlsx,4,T37445,9502.0,Lake Nicolemouth,After Hours,
E2147,Olivia Jenkins,24-04-2025 20:34,29-04-2025 17:44,199.33.99.26,DVC675,final.csv,1,T37923,31580.0,Mckinneyview,Business Hours,
E2233,Edward Ramirez,02-05-2025 17:02,09-04-2025 11:30,145.46.29.176,DVC772,increase.docx,4,T11418,24320.0,South Matthewfurt,After Hours,
E2412,Dawn Adams,06-05-2025 02:59,06-05-2025 06:54,201.183.223.179,DVC868,nearly.docx,2,T64666,45217.0,Ortegafurt,Business Hours,
E2046,Brian Andrews,04-05-2025 20:41,12-04-2025 03:33,30.15.220.213,DVC967,president.xlsx,4,T12429,36573.0,West Claudiabury,Business Hours,
E2351,Jessica Wheeler,01-05-2025 22:34,30-04-2025 18:54,57.109.241.188,DVC975,girl.xlsx,4,T61096,1289.0,Kellyfort,After Hours,
E2497,Michelle Ritter,24-04-2025 08:16,27-04-2025 20:18,220.79.104.65,DVC900,four.xlsx,1,T23293,44825.0,Heidiburgh,After Hours,
E2463,Jamie Zavala,29-04-2025 08:40,03-05-2025 04:26,9.53.150.69,DVC936,fill.docx,4,T17160,26275.0,Port James,Business Hours,
E2477,Emily Camacho,08-04-2025 12:30,16-04-2025 22:25,6.89.161.210,DVC564,national.xlsx,3,T39111,11828.0,North Gail,After Hours,
E2127,Joseph Cooper,27-04-2025 23:57,22-04-2025 08:49,93.201.43.164,DVC824,address.xlsx,2,T96881,47899.0,Ashleyfort,Business Hours,
E2082,Alexis Fernandez,27-04-2025 16:53,06-05-2025 16:11,8.221.204.237,DVC508,PM.xlsx,3,T12702,23632.0,New Tammy,After Hours,
E2062,Rebecca Obrien,27-04-2025 04:10,20-04-2025 10:45,158.15.169.39,DVC954,yet.xlsx,1,T81397,27339.0,Tiffanyville,After Hours,
E2367,Gary Wheeler,29-04-2025 04:54,25-04-2025 15:43,33.21.162.182,DVC601,enjoy.xlsx,3,T48464,6948.0,North Daniel,After Hours,
E2323,Lisa Gonzales,02-05-2025 07:21,11-04-2025 00:50,176.74.139.45,DVC770,reach.xlsx,3,T70059,19567.0,North Jessica,After Hours,
E2182,Daniel Bailey,20-04-2025 21:02,16-04-2025 23:39,4.40.59.224,DVC675,become.xlsx,3,T74921,4486.0,West Matthew,After Hours,
E2444,Jessica Fischer,04-05-2025 02:41,30-04-2025 12:04,189.227.235.140,DVC848,pick.xlsx,4,T85707,37068.0,Port Lauraville,Business Hours,
E2409,Jennifer Watson,04-05-2025 01:57,10-04-2025 02:15,108.115.5.154,DVC824,bill.csv,3,T58077,48409.0,Jordanborough,Business Hours,
E2282,John Duffy,16-04-2025 03:19,26-04-2025 07:19,209.211.229.214,DVC663,today.csv,2,T84708,22524.0,West Lisa,After Hours,
E2494,Dustin Davis,05-05-2025 02:07,14-04-2025 20:15,6.194.144.145,DVC968,collection.csv,2,T18183,46370.0,Besttown,Business Hours,
E2200,Courtney Smith,15-04-2025 18:54,24-04-2025 13:54,164.255.55.247,DVC876,spend.docx,3,T73002,49394.0,Allisonmouth,After Hours,
E2289,Eugene Gray,12-04-2025 03:55,28-04-2025 17:27,216.147.55.53,DVC729,through.csv,4,T84809,21409.0,Lucasville,After Hours,
E2286,Stephanie Marquez,07-05-2025 22:13,01-05-2025 08:21,120.0.43.251,DVC846,her.docx,1,T11330,16007.0,Perezview,Business Hours,
E2249,Raven Williams,03-05-2025 00:46,27-04-2025 01:28,196.32.194.13,DVC726,how.csv,2,T66731,48840.0,North Susanland,After Hours,
E2364,Tony Norris,09-04-2025 03:09,11-04-2025 01:20,212.65.152.178,DVC676,anyone.xlsx,1,T50223,44018.0,Cheyenneville,Business Hours,
E2476,Eric Tran,13-04-2025 01:34,13-04-2025 20:16,186.42.245.71,DVC544,tree.xlsx,4,T86372,2730.0,Matthewstad,Business Hours,
E2126,Nathaniel English,24-04-2025 13:33,06-05-2025 13:29,220.66.104.57,DVC863,enough.csv,3,T95169,43757.0,Deanville,Business Hours,
E2356,Andre Wallace,27-04-2025 09:26,15-04-2025 19:48,118.28.20.104,DVC576,fact.xlsx,4,T58312,24823.0,West Elizabeth,After Hours,
E2205,Jason Davis,10-04-2025 02:07,19-04-2025 15:56,210.179.62.51,DVC544,Mrs.xlsx,3,T35746,15261.0,Martinezfort,After Hours,
E2283,Angela Carter,10-04-2025 03:34,30-04-2025 14:16,115.34.172.53,DVC807,range.csv,1,T32804,10875.0,Michaelmouth,Business Hours,
E2009,Danielle Newton,15-04-2025 09:32,11-04-2025 08:31,157.115.227.2,DVC987,field.docx,1,T75809,37686.0,Baxterberg,Business Hours,
E2107,Joseph Watts,18-04-2025 15:39,02-05-2025 22:53,196.180.234.190,DVC936,better.xlsx,4,T11784,40972.0,East Eugene,Business Hours,
E2015,Kim Hall,23-04-2025 17:39,28-04-2025 23:28,27.251.28.109,DVC986,name.docx,2,T30607,1745.0,Larsonburgh,Business Hours,
E2120,Thomas Edwards,03-05-2025 07:54,02-05-2025 14:42,199.117.8.71,DVC942,local.xlsx,4,T79215,44313.0,Danielburgh,After Hours,
E2301,Veronica Bishop,16-04-2025 19:44,15-04-2025 21:51,48.32.169.88,DVC589,once.csv,3,T16003,48280.0,East Rose,After Hours,
E2247,Javier Cardenas,17-04-2025 10:17,17-04-2025 11:17,20.149.167.72,DVC792,goal.csv,1,T41415,5695.0,Aguilarville,After Hours,
E2406,Jonathan Deleon,28-04-2025 10:00,02-05-2025 15:19,205.209.62.211,DVC565,fly.docx,2,T42723,33807.0,South Brittanyton,After Hours,
E2246,Diamond Morris,28-04-2025 11:56,30-04-2025 04:35,59.159.125.234,DVC878,rather.csv,1,T81145,20657.0,Lake Nathanland,After Hours,
E2114,Jordan Martinez,12-04-2025 21:41,15-04-2025 08:59,110.102.145.106,DVC907,appear.xlsx,4,T81429,3379.0,Brandiville,Business Hours,
E2037,Leonard Johnson III,28-04-2025 01:23,11-04-2025 02:10,160.30.136.241,DVC991,spend.xlsx,3,T56882,7249.0,North Teresamouth,After Hours,
E2398,Laura Gibson,22-04-2025 14:14,16-04-2025 01:59,107.74.84.197,DVC606,source.csv,5,T85216,138456.0,Lake Kaitlyn,After Hours,
E2388,Janice Ortiz,27-04-2025 17:52,02-05-2025 02:16,53.171.244.183,DVC638,what.xlsx,4,T23953,38871.0,New Pamela,Business Hours,
E2431,Samuel Torres,25-04-2025 02:08,02-05-2025 01:17,5.16.183.222,DVC782,offer.xlsx,4,T27882,6656.0,New Connie,After Hours,
E2012,Michelle Yates,28-04-2025 23:12,17-04-2025 15:45,47.13.254.99,DVC934,traditional.xlsx,1,T47622,9240.0,Williamsburgh,After Hours,
E2299,Diane Reyes,01-05-2025 15:43,12-04-2025 18:36,119.166.249.41,DVC800,town.xlsx,2,T15751,10282.0,East Toddfurt,Business Hours,
E2373,Brittany Donaldson,20-04-2025 19:52,21-04-2025 15:12,70.208.16.90,DVC865,point.csv,3,T15609,19178.0,New Tammy,After Hours,
E2432,Ralph Travis,01-05-2025 07:12,07-05-2025 22:09,59.1.250.159,DVC778,such.docx,10,T10156,168904.0,South Christie,Business Hours,
E2447,Terri Williams,05-05-2025 12:23,26-04-2025 11:44,137.191.54.99,DVC912,strong.xlsx,2,T63697,16416.0,North Joshuaburgh,After Hours,
E2156,Christopher Lee,01-05-2025 22:27,27-04-2025 21:42,191.159.124.196,DVC619,bring.csv,2,T96619,8173.0,Brandonside,Business Hours,
E2302,Kelly Duncan,23-04-2025 19:14,08-05-2025 02:00,83.148.79.32,DVC746,teach.xlsx,1,T74886,17405.0,North Daniel,After Hours,
E2371,Jessica Perry,01-05-2025 09:28,20-04-2025 13:40,119.194.129.153,DVC947,hospital.xlsx,1,T89251,44492.0,South Kim,After Hours,
E2402,John Solomon,23-04-2025 20:02,16-04-2025 07:20,204.119.1.27,DVC836,theory.csv,4,T49749,4158.0,North Cody,Business Hours,
E2297,Carmen Thomas,29-04-2025 20:14,22-04-2025 12:54,99.145.13.42,DVC748,term.csv,3,T87179,20522.0,Victoriafort,After Hours,
E2137,Valerie Shah,02-05-2025 08:02,04-05-2025 14:41,58.128.187.13,DVC826,line.csv,2,T49261,7933.0,West Timothy,Business Hours,
E2025,Mrs. Kimberly Jimenez,11-04-2025 07:30,22-04-2025 04:11,174.147.235.60,DVC699,finally.csv,7,T34592,103367.0,Emilybury,After Hours,
E2448,Kristin Shields,30-04-2025 21:41,19-04-2025 21:53,118.103.61.148,DVC974,law.csv,2,T29244,26522.0,Kimberlyville,Business Hours,
E2235,Jimmy Cooley,09-04-2025 05:51,19-04-2025 15:23,1.193.108.29,DVC564,clear.docx,2,T77354,29622.0,New Jenniferchester,After Hours,
E2361,Kevin Floyd,13-04-2025 00:48,07-05-2025 16:43,81.45.143.168,DVC631,staff.csv,4,T39361,11579.0,Lorimouth,After Hours,
E2193,Mr. Michael Jackson,29-04-2025 01:50,10-04-2025 19:51,19.168.198.183,DVC727,economy.csv,2,T60201,1346.0,Henrybury,Business Hours,
E2124,Amanda Bell,09-04-2025 10:51,25-04-2025 12:28,56.218.87.249,DVC886,mouth.xlsx,2,T58547,36764.0,Johnsonmouth,After Hours,
E2203,Brittany Harris,22-04-2025 09:59,12-04-2025 21:05,55.87.182.104,DVC845,fill.csv,3,T73941,42949.0,Jessicaburgh,After Hours,
E2294,Tanya Cooper,08-04-2025 16:30,16-04-2025 18:06,159.151.228.210,DVC826,must.docx,4,T37575,18341.0,South Jacobhaven,After Hours,
E2102,Gail Thompson,11-04-2025 06:15,25-04-2025 08:19,185.233.22.80,DVC556,answer.docx,1,T76089,42740.0,Morganfurt,Business Hours,
E2258,Taylor Tyler,21-04-2025 13:26,07-05-2025 06:09,111.227.24.217,DVC712,power.docx,3,T76149,10614.0,Jamiemouth,After Hours,
E2109,Christy Bernard,03-05-2025 04:11,21-04-2025 10:04,191.127.247.32,DVC901,book.xlsx,2,T24861,11819.0,West Lisa,After Hours,
E2052,Douglas Gallegos,07-05-2025 18:51,18-04-2025 07:16,76.19.204.84,DVC929,discover.xlsx,4,T45315,21814.0,Christinaville,Business Hours,
E2352,Cody Spencer,27-04-2025 08:31,08-04-2025 08:21,31.202.33.51,DVC706,practice.csv,2,T36328,26343.0,Walkerview,After Hours,
E2381,Alexandra Mitchell,16-04-2025 02:44,22-04-2025 15:31,119.243.197.45,DVC504,produce.xlsx,1,T13195,1917.0,Jenniferland,Business Hours,
E2168,Jennifer Thompson,30-04-2025 06:20,07-05-2025 16:32,67.175.219.162,DVC665,trip.docx,4,T78212,45992.0,Justinborough,After Hours,
E2222,Russell Garcia,16-04-2025 18:06,24-04-2025 13:37,105.72.99.86,DVC826,field.docx,1,T76823,9353.0,Emilyview,Business Hours,
E2261,Holly Lee,22-04-2025 20:28,01-05-2025 03:05,191.148.126.137,DVC678,art.csv,1,T40767,14392.0,Franciscoburgh,Business Hours,
E2320,Amber Lee,11-04-2025 07:33,25-04-2025 07:57,141.184.168.85,DVC923,leader.csv,4,T89144,8956.0,Rodneyhaven,After Hours,
E2226,Joseph Jenkins,06-05-2025 09:08,03-05-2025 18:54,99.176.63.36,DVC781,magazine.csv,1,T54632,2188.0,Butlerhaven,After Hours,
E2399,Megan Turner,08-05-2025 01:47,20-04-2025 06:45,142.14.246.37,DVC774,information.xlsx,1,T76326,40513.0,South Brendaland,After Hours,
E2198,Scott Norris,02-05-2025 14:21,28-04-2025 11:27,52.80.78.125,DVC667,effect.csv,2,T86170,34367.0,South Ivanfort,After Hours,
E2262,Joel Green,01-05-2025 00:47,01-05-2025 15:34,70.188.87.7,DVC683,response.csv,4,T75929,8656.0,Danaside,Business Hours,
E2194,Sabrina Perez,22-04-2025 10:56,26-04-2025 16:53,61.5.133.190,DVC703,expect.docx,1,T76381,43524.0,New Katie,Business Hours,
E2284,Matthew Boyer,09-04-2025 08:53,19-04-2025 02:39,125.51.163.244,DVC574,through.xlsx,3,T58033,19014.0,Jamesstad,Business Hours,
E2468,Thomas Dean,24-04-2025 07:26,02-05-2025 05:15,34.149.72.247,DVC998,international.docx,2,T25631,48210.0,New Ricardoton,Business Hours,
E2316,James Gordon,09-04-2025 04:29,21-04-2025 16:04,78.39.138.254,DVC596,note.docx,4,T96465,48560.0,Destinychester,After Hours,
E2178,Brian Perry,02-05-2025 15:18,15-04-2025 07:58,181.132.96.238,DVC537,while.csv,1,T13487,7187.0,Port Seanstad,Business Hours,
E2081,Philip Wyatt,19-04-2025 01:20,11-04-2025 22:19,204.241.30.228,DVC671,far.csv,4,T43165,12853.0,New Angela,After Hours,
E2019,Blake Collins,17-04-2025 10:59,25-04-2025 20:07,6.209.134.205,DVC931,society.csv,4,T16668,16351.0,South Aliciahaven,Business Hours,
E2346,Cassandra Hopkins,21-04-2025 01:02,15-04-2025 09:27,180.178.108.164,DVC787,today.xlsx,2,T36893,30209.0,Hollandberg,After Hours,
E2498,Blake Davis,27-04-2025 21:12,25-04-2025 14:27,116.31.37.59,DVC562,general.csv,1,T97252,41200.0,East Jerryberg,Business Hours,
E2303,Patty Caldwell,05-05-2025 01:31,17-04-2025 17:17,21.189.164.252,DVC506,cut.xlsx,1,T76973,42982.0,Ginachester,Business Hours,
E2116,Rachel Chapman,28-04-2025 09:15,27-04-2025 02:55,55.81.96.198,DVC751,specific.xlsx,2,T69289,48485.0,Port Matthew,After Hours,
E2333,Jennifer Rice,23-04-2025 06:44,16-04-2025 02:22,15.223.245.224,DVC900,near.xlsx,1,T43017,44362.0,Skinnerfurt,After Hours,
E2408,Leslie Lee,07-05-2025 08:45,21-04-2025 19:50,220.71.224.109,DVC993,leave.xlsx,3,T12667,8401.0,Pattonburgh,Business Hours,
E2166,Laura Navarro,18-04-2025 01:55,09-04-2025 07:17,136.148.81.222,DVC539,safe.xlsx,4,T47495,1268.0,New Kathryn,After Hours,
E2144,Douglas Ramos,12-04-2025 00:59,29-04-2025 01:52,15.201.17.248,DVC940,evening.xlsx,2,T37111,39085.0,Port Karen,After Hours,
E2274,Nicholas Allen,21-04-2025 22:26,04-05-2025 10:24,17.248.244.193,DVC701,need.csv,1,T66352,43674.0,South Johnberg,After Hours,
E2197,Travis Anderson,25-04-2025 04:54,20-04-2025 23:21,209.63.15.48,DVC573,culture.csv,2,T41911,22939.0,Beckton,After Hours,
E2483,Brianna Kent,28-04-2025 12:52,17-04-2025 09:15,145.231.31.203,DVC664,industry.xlsx,2,T24405,8724.0,Leeland,Business Hours,
E2190,Wendy Brewer,28-04-2025 05:48,03-05-2025 01:23,164.185.223.1,DVC564,pay.csv,3,T95663,15428.0,Youngborough,Business Hours,
E2332,Alyssa Castro,05-05-2025 03:00,22-04-2025 14:52,62.146.81.102,DVC766,piece.csv,4,T31789,33265.0,North Mary,After Hours,
E2023,Lindsey Combs,11-04-2025 15:16,04-05-2025 23:51,165.238.110.63,DVC855,today.xlsx,11,T67390,126452.0,Jamesberg,Business Hours,
E2006,Samuel Garcia,29-04-2025 13:44,01-05-2025 16:46,163.58.43.95,DVC564,garden.csv,3,T73626,11997.0,New Rebecca,After Hours,
E2038,Darrell Jones,28-04-2025 17:51,16-04-2025 10:13,218.224.149.147,DVC635,wide.docx,4,T28953,16785.0,Fowlerton,After Hours,
E2365,Marvin Ramirez,27-04-2025 22:20,28-04-2025 05:04,81.226.176.45,DVC505,force.xlsx,1,T87807,37599.0,East Katherinebury,After Hours,
E2106,Anthony Velasquez,23-04-2025 21:56,18-04-2025 10:30,53.89.111.69,DVC777,remain.xlsx,1,T58683,3180.0,Nelsonborough,Business Hours,
E2411,Mercedes Hill,14-04-2025 10:24,15-04-2025 22:18,198.167.70.166,DVC770,pretty.csv,4,T96099,24077.0,Greenview,Business Hours,
E2368,Tiffany Smith,07-05-2025 01:09,05-05-2025 10:12,205.1.231.243,DVC884,take.xlsx,2,T44251,31226.0,Nicholsmouth,After Hours,
E2488,David Winters,16-04-2025 02:53,28-04-2025 13:32,210.31.85.172,DVC614,service.csv,2,T45812,42297.0,South Michael,Business Hours,
E2145,Rachel Nichols,02-05-2025 20:47,13-04-2025 04:22,155.24.142.76,DVC721,scientist.xlsx,3,T33310,17732.0,Patriciaborough,Business Hours,
E2287,Angela Moreno,14-04-2025 04:30,30-04-2025 03:08,106.241.12.174,DVC634,decide.csv,1,T33090,19823.0,Lake Veronicafurt,Business Hours,
E2288,Daniel Lopez,20-04-2025 11:19,13-04-2025 11:15,63.209.107.125,DVC998,reveal.docx,3,T97772,40244.0,Mcmillanfort,Business Hours,
E2063,William Garner,10-04-2025 10:29,08-04-2025 19:20,144.205.131.88,DVC879,life.csv,4,T81342,19132.0,Julieburgh,After Hours,
E2427,Jennifer Garcia,12-04-2025 18:24,21-04-2025 11:03,180.54.17.139,DVC685,mean.docx,4,T44168,10543.0,South Susanborough,Business Hours,
E2139,Katherine Gutierrez,23-04-2025 09:17,28-04-2025 17:21,154.67.229.53,DVC737,phone.docx,1,T16099,14497.0,Stacychester,After Hours,
E2183,Mrs. Denise Kelley,28-04-2025 04:29,26-04-2025 06:29,82.35.230.67,DVC676,drop.csv,1,T99604,49621.0,Claytonport,After Hours,
E2279,Bonnie Gonzales,05-05-2025 19:43,10-04-2025 13:49,139.144.194.241,DVC532,take.csv,3,T43409,14309.0,Brandtview,Business Hours,
E2075,Melissa Barr,30-04-2025 12:22,02-05-2025 02:57,15.192.98.255,DVC774,hit.xlsx,3,T71441,43224.0,New Bryan,After Hours,
E2345,Benjamin Martinez,01-05-2025 21:24,24-04-2025 05:52,97.241.8.2,DVC871,recognize.docx,13,T37785,132924.0,Clarkmouth,Business Hours,
E2335,Kristina Fox,05-05-2025 20:26,23-04-2025 21:35,222.8.50.45,DVC783,example.csv,4,T14364,22037.0,South Lisa,Business Hours,
E2213,Isabel Lee,21-04-2025 21:42,24-04-2025 08:23,78.20.197.107,DVC767,parent.xlsx,2,T61421,33923.0,South Jason,After Hours,
E2239,Gina Collins,15-04-2025 14:24,11-04-2025 10:59,139.15.132.68,DVC877,friend.xlsx,3,T21626,37085.0,Keithborough,Business Hours,
E2359,Robert Simmons,26-04-2025 16:30,11-04-2025 22:36,156.58.109.240,DVC885,avoid.xlsx,4,T19755,38729.0,South Christian,Business Hours,
E2099,Matthew Lindsey,25-04-2025 11:12,25-04-2025 18:59,154.218.223.194,DVC545,difference.docx,3,T88578,30965.0,Port Danielview,After Hours,
E2202,Anthony Roberts,03-05-2025 03:28,01-05-2025 07:06,59.65.235.20,DVC789,stop.xlsx,4,T17000,6121.0,Barbarastad,After Hours,
E2397,Jennifer Cordova,12-04-2025 09:38,16-04-2025 05:34,68.133.120.147,DVC825,piece.csv,4,T44592,3221.0,Thomasside,After Hours,
E2318,Megan Brown,09-04-2025 10:33,18-04-2025 18:37,140.121.209.44,DVC886,realize.docx,1,T11020,10716.0,Courtneyside,Business Hours,
E2256,Frank Roberts,27-04-2025 11:26,21-04-2025 06:52,222.188.13.171,DVC781,color.docx,1,T95690,34898.0,Lake Alex,After Hours,
E2146,Deborah Smith,15-04-2025 08:24,06-05-2025 01:35,84.204.185.217,DVC889,protect.csv,2,T85766,42073.0,Jessicaborough,Business Hours,
E2227,Jason Erickson,26-04-2025 23:11,27-04-2025 08:02,74.119.41.32,DVC989,among.xlsx,4,T11798,12891.0,Atkinsonberg,After Hours,
E2390,Ashley Taylor,26-04-2025 07:57,26-04-2025 02:54,212.147.187.2,DVC712,whole.docx,4,T49589,5941.0,Stanleyview,Business Hours,
E2031,Anthony Bennett,11-04-2025 09:53,09-04-2025 23:34,3.123.14.45,DVC522,great.xlsx,3,T76703,32828.0,Amandaburgh,After Hours,
E2228,Mark Giles,07-05-2025 23:07,05-05-2025 08:22,1.4.164.115,DVC689,just.xlsx,3,T28803,24568.0,Donnamouth,Business Hours,
E2341,Madison Howe,04-05-2025 16:52,05-05-2025 18:05,170.187.166.89,DVC938,school.csv,4,T66553,42066.0,East Sean,Business Hours,
E2255,Wendy Martin MD,07-05-2025 15:35,01-05-2025 17:29,42.195.245.173,DVC807,measure.csv,2,T77873,4763.0,Hammondstad,Business Hours,
E2394,Scott Gomez,20-04-2025 03:04,08-05-2025 02:04,180.38.52.22,DVC882,hold.xlsx,2,T24927,33107.0,North Edwinfurt,Business Hours,
E2472,Donald Bryant,13-04-2025 01:12,15-04-2025 06:51,50.139.247.43,DVC852,drop.xlsx,2,T67385,18248.0,North Kylestad,Business Hours,
E2016,Megan Melendez,14-04-2025 04:28,11-04-2025 05:37,30.37.65.188,DVC729,indicate.csv,2,T15884,36270.0,Garystad,After Hours,
E2300,Deborah Bell,24-04-2025 03:38,25-04-2025 22:00,64.57.104.142,DVC702,decide.csv,3,T75586,28103.0,Nguyenshire,Business Hours,
E2354,Heather White,22-04-2025 16:05,21-04-2025 13:00,154.252.42.192,DVC992,now.docx,2,T60207,27823.0,Michaelburgh,After Hours,
E2478,John Novak,14-04-2025 22:40,05-05-2025 20:47,109.173.0.222,DVC630,involve.xlsx,3,T89272,12986.0,Lake Michaelview,After Hours,
E2484,Randy Hicks,02-05-2025 14:24,16-04-2025 18:44,215.46.195.78,DVC977,three.docx,1,T74678,22461.0,East Paultown,After Hours,
E2181,James Williams,04-05-2025 00:20,15-04-2025 03:54,190.60.15.221,DVC818,mean.xlsx,3,T46954,4462.0,East Timothy,Business Hours,
E2204,Nicole Nguyen,05-05-2025 23:11,07-05-2025 18:25,152.56.94.153,DVC632,view.csv,3,T29028,18951.0,West Claytonberg,After Hours,
E2217,Kimberly Smith,19-04-2025 09:49,28-04-2025 12:23,45.68.32.147,DVC523,enter.xlsx,3,T25478,27410.0,Port Jennifer,After Hours,
E2242,Michael Smith,11-04-2025 04:17,23-04-2025 18:22,115.60.185.121,DVC610,staff.xlsx,1,T39723,36492.0,Snowfurt,After Hours,
E2234,Fred Petersen Jr.,15-04-2025 16:58,18-04-2025 12:59,6.240.136.166,DVC698,voice.csv,2,T65257,24265.0,West Reneeport,Business Hours,
E2002,Cynthia Ruiz,23-04-2025 18:26,10-04-2025 08:12,208.10.130.150,DVC777,information.xlsx,1,T82939,9732.0,South Gregory,After Hours,
E2128,Joshua Chase,19-04-2025 03:25,05-05-2025 21:36,106.167.97.20,DVC922,security.csv,2,T86878,8321.0,Millerton,After Hours,
E2422,Michelle Davis,19-04-2025 10:52,30-04-2025 10:22,53.255.42.20,DVC970,reveal.csv,4,T28858,21222.0,Port Ryanfurt,After Hours,
E2049,Eric Robertson,06-05-2025 08:30,02-05-2025 07:36,60.22.149.162,DVC973,opportunity.xlsx,3,T45426,32840.0,Sanchezburgh,After Hours,
E2414,Christopher Ferguson,18-04-2025 00:26,23-04-2025 02:55,219.214.90.16,DVC806,property.docx,4,T64797,26605.0,West Leahmouth,Business Hours,
E2264,Joel Nguyen,19-04-2025 11:16,07-05-2025 10:18,210.174.8.207,DVC526,shoulder.xlsx,4,T10916,40278.0,Kimberlyton,Business Hours,
E2347,David Hughes,07-05-2025 19:57,16-04-2025 12:03,69.29.118.185,DVC809,relationship.xlsx,4,T62963,29027.0,Nathanielstad,Business Hours,
E2493,Michael Reyes,30-04-2025 13:10,27-04-2025 12:24,137.93.226.163,DVC815,but.xlsx,3,T90749,39099.0,Grossbury,After Hours,
E2440,Brittany Bowman,01-05-2025 15:14,27-04-2025 01:50,103.113.93.140,DVC890,need.csv,2,T71112,37681.0,Lake Jasonview,After Hours,
E2225,Kelly Morales,06-05-2025 20:20,24-04-2025 11:54,134.213.215.119,DVC707,near.docx,2,T18434,29539.0,Andrewbury,Business Hours,
E2250,Stephen Lee,30-04-2025 20:33,29-04-2025 09:31,115.98.213.223,DVC693,feeling.xlsx,4,T19778,41441.0,Lake Carly,Business Hours,
E2140,Robin Hernandez,25-04-2025 03:42,17-04-2025 12:57,57.177.66.113,DVC935,three.docx,3,T48288,35567.0,Parkerport,After Hours,
E2307,Tammy Jones,10-04-2025 17:32,02-05-2025 01:29,164.214.67.26,DVC711,hope.xlsx,1,T56835,4167.0,North Monicatown,Business Hours,
E2076,Danielle Owens,19-04-2025 04:05,08-04-2025 09:28,207.143.213.177,DVC761,treatment.docx,3,T54688,20077.0,New Amanda,Business Hours,
E2372,Jose Ray,06-05-2025 15:28,13-04-2025 00:29,207.100.103.107,DVC999,executive.docx,4,T91415,43988.0,North Kevinton,After Hours,
E2263,Donna Schwartz,14-04-2025 12:34,22-04-2025 14:12,222.150.187.38,DVC705,organization.xlsx,2,T62627,36015.0,East Eric,Business Hours,
E2349,Nancy Simmons,14-04-2025 23:30,09-04-2025 06:48,167.83.245.250,DVC984,artist.csv,2,T69090,47312.0,Parsonsmouth,Business Hours,
E2281,Andrea Sanchez,21-04-2025 10:25,12-04-2025 15:54,79.27.114.45,DVC958,but.csv,3,T99356,5326.0,Jensenland,After Hours,
E2131,David Jones,14-04-2025 11:17,09-04-2025 00:05,65.14.45.164,DVC740,need.xlsx,2,T62922,49124.0,Lake Austinbury,Business Hours,
E2342,Ms. Michelle Carney,04-05-2025 03:39,11-04-2025 21:32,170.133.231.52,DVC786,pull.csv,3,T31639,20706.0,Collinstown,After Hours,
E2322,Ann Flynn,09-04-2025 04:46,03-05-2025 14:40,2.237.224.49,DVC934,institution.csv,3,T99386,37027.0,North Jenniferberg,Business Hours,
E2000,Ashley Owens,07-05-2025 03:27,07-05-2025 12:20,188.18.81.199,DVC774,lose.csv,9,T42401,57448.0,Marksfort,Business Hours,
E2072,Russell Kim,25-04-2025 02:21,11-04-2025 18:14,25.108.71.21,DVC519,message.docx,10,T86808,52728.0,East Jack,After Hours,
E2343,Robert Martin,27-04-2025 06:28,01-05-2025 14:53,193.27.141.50,DVC581,discover.docx,3,T33166,38730.0,Tinafurt,After Hours,
E2232,Kelly Miller,29-04-2025 14:11,02-05-2025 11:19,45.148.44.96,DVC716,without.docx,4,T11777,25194.0,North Anne,Business Hours,
E2237,Judy Short,11-04-2025 11:53,15-04-2025 12:16,49.29.59.186,DVC770,grow.xlsx,3,T89891,38653.0,East Douglas,After Hours,
E2291,Debra Mcguire,01-05-2025 23:40,22-04-2025 11:51,40.4.178.71,DVC518,process.docx,4,T72361,30650.0,Tinaport,After Hours,
E2093,Ronald Russell,07-05-2025 23:07,17-04-2025 16:52,38.202.124.154,DVC941,lose.csv,1,T37550,47281.0,North Patrick,Business Hours,
E2159,Isaiah Frye,23-04-2025 17:35,03-05-2025 15:09,203.16.84.186,DVC760,environment.csv,2,T30249,39058.0,Burnsburgh,After Hours,
E2177,Dr. Margaret Miller,15-04-2025 02:31,26-04-2025 18:17,101.182.213.43,DVC704,hope.docx,4,T70936,34060.0,Lake Briannaview,After Hours,
E2428,Jared Robinson,22-04-2025 19:23,15-04-2025 14:08,110.231.133.80,DVC563,garden.csv,13,T21079,105480.0,North Michaelland,After Hours,
E2415,Russell Perez,30-04-2025 10:56,14-04-2025 02:22,14.251.243.172,DVC555,interest.csv,1,T71043,8042.0,West Gabriel,After Hours,
E2319,Natalie Collier,09-04-2025 08:37,21-04-2025 11:04,35.238.207.205,DVC621,yeah.xlsx,3,T98969,49226.0,South Yvonne,Business Hours,
E2216,Keith Smith,29-04-2025 10:46,22-04-2025 00:52,102.114.158.202,DVC892,lose.csv,2,T43624,21511.0,West Chelsea,After Hours,
E2184,Tyler Velazquez,07-05-2025 05:43,04-05-2025 14:26,141.131.52.195,DVC800,everyone.xlsx,2,T97761,32812.0,Reynoldsfort,After Hours,
E2201,Tiffany Gomez MD,15-04-2025 13:13,11-04-2025 04:57,217.125.213.57,DVC892,manager.xlsx,4,T97367,35570.0,West Brenda,After Hours,
E2251,Jason Solis,03-05-2025 05:29,07-05-2025 13:24,216.4.120.252,DVC582,tree.docx,4,T17047,23876.0,Lake Tracy,After Hours,
E2048,Terrance Garcia,11-04-2025 16:02,30-04-2025 11:44,216.228.235.212,DVC652,represent.docx,3,T43034,49785.0,Perkinsshire,Business Hours,
E2292,Sean Bright,23-04-2025 18:22,15-04-2025 03:03,144.170.124.96,DVC976,toward.docx,3,T74028,49065.0,Rioshaven,Business Hours,
E2042,Carl Sandoval,07-05-2025 06:39,13-04-2025 16:19,107.133.47.173,DVC850,white.xlsx,6,T80853,129915.0,Harrisborough,After Hours,
E2214,Jamie Davis,29-04-2025 18:10,09-04-2025 21:08,32.185.25.67,DVC823,product.csv,4,T74224,2616.0,Lindaborough,After Hours,
E2215,Linda Holt,13-04-2025 23:40,18-04-2025 13:40,26.102.194.147,DVC698,with.docx,2,T47979,10427.0,North Patrick,After Hours,
E2218,Ashley Harris,25-04-2025 23:59,02-05-2025 04:26,169.253.97.228,DVC501,school.csv,8,T87329,94123.0,North Robert,After Hours,
E2403,Shannon Stein,20-04-2025 13:53,13-04-2025 01:37,60.0.29.247,DVC676,road.docx,2,T31890,42261.0,Joditown,After Hours,
E2433,Bryan Bennett,09-04-2025 12:27,09-04-2025 06:37,10.37.149.126,DVC862,left.docx,1,T24901,17206.0,Christopherview,Business Hours,
E2379,Heather Wright,20-04-2025 15:28,21-04-2025 18:24,9.54.250.105,DVC873,include.docx,3,T76965,29642.0,Reginastad,After Hours,
E2151,Todd Brown,24-04-2025 15:43,11-04-2025 23:53,45.41.188.48,DVC931,career.xlsx,4,T30976,27075.0,Ralphhaven,After Hours,
E2252,Sabrina Harrison,22-04-2025 11:47,02-05-2025 05:36,58.79.160.237,DVC983,must.xlsx,2,T70804,25793.0,Lake Jamesburgh,Business Hours,
E2446,John Choi,22-04-2025 06:46,21-04-2025 14:19,87.161.114.241,DVC661,similar.xlsx,1,T20786,13766.0,Leahton,Business Hours,
E2134,Sarah Butler,17-04-2025 02:05,20-04-2025 16:55,170.220.240.18,DVC709,unit.csv,2,T51115,23557.0,Markburgh,Business Hours,
E2085,Alison Brady,21-04-2025 13:37,25-04-2025 12:50,201.16.210.80,DVC866,Republican.csv,2,T65639,47927.0,Port James,Business Hours,
E2136,James Beck,07-05-2025 16:51,16-04-2025 04:36,38.59.15.251,DVC694,sort.xlsx,1,T96338,37067.0,North Rachelview,Business Hours,
E2310,Joseph Copeland,06-05-2025 10:47,14-04-2025 08:01,91.76.47.58,DVC797,full.csv,1,T84994,1166.0,South Ronaldshire,Business Hours,
E2044,Patrick Smith,17-04-2025 04:49,21-04-2025 20:19,122.89.209.143,DVC938,himself.xlsx,3,T21623,32219.0,Annaberg,After Hours,
E2308,Eric Pearson,24-04-2025 19:23,27-04-2025 20:53,113.63.219.119,DVC561,specific.csv,3,T14739,25107.0,Lynchview,After Hours,
E2355,Joseph Ross,22-04-2025 14:51,24-04-2025 04:18,221.82.85.78,DVC713,your.xlsx,2,T29323,5936.0,South Gregory,After Hours,
E2243,Jennifer Coleman,03-05-2025 23:06,03-05-2025 22:37,206.3.196.156,DVC928,away.docx,1,T87158,31027.0,New Brian,After Hours,
E2142,Mary Smith,28-04-2025 02:18,30-04-2025 11:22,183.38.163.140,DVC649,well.docx,3,T14427,26599.0,Bobbymouth,After Hours,
E2192,Anthony Soto,03-05-2025 18:43,12-04-2025 17:46,121.108.8.190,DVC589,provide.xlsx,1,T25452,33338.0,New Patricia,After Hours,
E2360,Brandon Acevedo,18-04-2025 01:22,28-04-2025 13:38,107.28.26.80,DVC787,under.xlsx,3,T50018,30062.0,West Sean,Business Hours,
E2464,Donna Callahan,24-04-2025 15:06,22-04-2025 04:48,174.230.112.209,DVC674,whom.csv,3,T79637,2508.0,Jonesmouth,After Hours,
E2132,Debra Hernandez,07-05-2025 11:16,17-04-2025 20:50,189.80.194.128,DVC910,concern.xlsx,1,T49501,24911.0,Port Tracey,Business Hours,
E2103,Angela Gross,24-04-2025 01:02,07-05-2025 17:27,100.167.111.133,DVC671,central.csv,8,T17183,100524.0,Lake Mary,Business Hours,
E2491,Barry Haynes,22-04-2025 10:44,03-05-2025 18:19,134.241.38.58,DVC841,car.csv,3,T66140,6073.0,Brownview,Business Hours,
E2122,Christine Bowman,07-05-2025 18:52,01-05-2025 19:28,211.72.70.157,DVC950,century.csv,4,T34684,19335.0,Lake Ashleeview,Business Hours,
E2104,Alexis Daniels,12-04-2025 11:20,17-04-2025 04:08,167.215.134.141,DVC939,goal.docx,2,T74162,4192.0,North Erneststad,After Hours,
E2175,Steven Lewis,16-04-2025 02:50,02-05-2025 09:18,197.148.18.251,DVC540,TV.xlsx,10,T81952,84448.0,Hopkinsland,Business Hours,
E2419,David Diaz,05-05-2025 10:53,29-04-2025 19:16,109.30.37.86,DVC655,add.xlsx,1,T45852,18720.0,West Jonland,After Hours,
E2405,Robert Colon,01-05-2025 10:13,08-04-2025 15:57,191.134.73.196,DVC959,watch.xlsx,1,T87296,33651.0,Cobbfurt,After Hours,
E2313,Judith Lopez,22-04-2025 10:22,17-04-2025 17:39,103.97.85.44,DVC671,phone.xlsx,1,T55773,34120.0,Port Charles,Business Hours,
E2306,Nicole Owens,03-05-2025 13:25,12-04-2025 01:44,23.9.123.5,DVC723,outside.docx,4,T75009,26531.0,Hooperton,Business Hours,
E2378,Pamela Ochoa,14-04-2025 21:00,12-04-2025 16:41,33.137.201.84,DVC708,worry.csv,1,T79785,16777.0,Stephensonbury,Business Hours,
E2404,Robert Adams,17-04-2025 19:02,10-04-2025 02:06,223.235.250.96,DVC826,work.csv,3,T18419,9311.0,North James,Business Hours,
E2080,Dr. April Cook,20-04-2025 04:34,23-04-2025 06:48,115.124.197.170,DVC567,guy.xlsx,4,T42031,4507.0,Shahshire,Business Hours,
E2032,Jessica Harrison,29-04-2025 04:54,17-04-2025 22:07,114.120.212.192,DVC998,beautiful.xlsx,2,T53069,24703.0,Smithtown,After Hours,
E2329,Kenneth Tate,17-04-2025 11:02,03-05-2025 12:51,72.211.8.111,DVC685,individual.docx,2,T87168,1310.0,South Jon,Business Hours,
E2143,David Gay,24-04-2025 11:15,22-04-2025 10:21,82.235.137.100,DVC570,law.docx,4,T43826,19751.0,South Robert,Business Hours,
E2056,Michael Brown,27-04-2025 12:55,24-04-2025 03:26,101.12.124.146,DVC891,environment.csv,4,T25823,5900.0,Hawkinsbury,After Hours,
E2298,Donna Vargas,08-04-2025 16:53,28-04-2025 21:38,145.61.39.235,DVC925,general.csv,3,T30016,34855.0,North Michael,Business Hours,
E2312,Stephen Erickson,12-04-2025 07:26,11-04-2025 03:36,170.146.190.127,DVC813,impact.xlsx,2,T26209,3188.0,Paulside,Business Hours,
E2410,Christina Villanueva,01-05-2025 17:06,07-05-2025 08:31,223.87.83.173,DVC978,major.csv,1,T10920,10681.0,West Alexander,After Hours,
E2272,Mary Melendez,12-04-2025 08:38,15-04-2025 11:55,129.93.132.212,DVC694,brother.csv,3,T30065,19299.0,Port Alanton,Business Hours,
E2454,Patricia Roberts,17-04-2025 22:15,22-04-2025 02:16,166.124.7.233,DVC875,must.xlsx,1,T81200,17576.0,Jamiestad,Business Hours,
E2070,Andrew Fry,03-05-2025 15:04,17-04-2025 06:45,197.123.176.114,DVC711,quality.csv,3,T85833,24224.0,Amyville,Business Hours,
E2469,Erin Roth,17-04-2025 13:50,04-05-2025 01:34,59.40.175.203,DVC692,perhaps.docx,3,T41958,19650.0,Lake Cory,After Hours,
E2369,Wendy Smith,06-05-2025 02:05,13-04-2025 15:24,139.131.166.52,DVC716,start.docx,2,T18435,19179.0,East Daniel,Business Hours,
E2348,Cody Clark,28-04-2025 05:23,20-04-2025 05:00,149.68.62.234,DVC838,federal.csv,6,T95101,111997.0,Joshuatown,Business Hours,
E2413,Kenneth Meyer,29-04-2025 03:30,17-04-2025 06:04,220.153.61.134,DVC801,miss.csv,1,T43556,28664.0,Andrewtown,Business Hours,
E2304,Monica Gonzalez,14-04-2025 06:55,12-04-2025 01:43,202.152.101.112,DVC790,near.xlsx,2,T70631,8210.0,Foleyland,Business Hours,
E2496,Kayla Bell,20-04-2025 08:53,20-04-2025 06:04,45.14.169.54,DVC766,effect.csv,2,T75341,35384.0,Littleshire,Business Hours,
E2259,Monica Chang,14-04-2025 19:03,26-04-2025 07:57,157.224.159.93,DVC503,hundred.csv,2,T73657,12256.0,Lake Franklin,Business Hours,
E2315,Jordan Miller,13-04-2025 17:57,26-04-2025 13:03,76.33.35.156,DVC545,mind.docx,4,T34416,12929.0,Morrisfurt,Business Hours,
E2350,Derek Stewart,22-04-2025 17:20,14-04-2025 03:44,160.11.13.229,DVC567,maintain.csv,2,T97030,48959.0,West Susanmouth,After Hours,
E2331,Nicholas Townsend,23-04-2025 23:00,16-04-2025 12:06,71.201.189.158,DVC983,history.xlsx,1,T21177,36686.0,West Cassandra,Business Hours,
E2105,Amy Perez,17-04-2025 10:46,01-05-2025 06:29,8.159.59.87,DVC738,step.xlsx,4,T19129,25023.0,Clarkmouth,Business Hours,
E2280,Carol Moore,11-04-2025 22:02,12-04-2025 15:55,77.114.45.167,DVC624,anything.docx,4,T19506,21486.0,Kathrynfurt,Business Hours,
E2429,Richard Decker,03-05-2025 17:57,22-04-2025 10:40,169.76.107.77,DVC846,what.csv,3,T50286,23116.0,West Crystalstad,After Hours,
E2087,Eric Myers DVM,29-04-2025 00:36,07-05-2025 12:06,140.2.53.65,DVC548,pull.docx,2,T67739,21990.0,New Rachelton,Business Hours,
E2461,Pamela Stewart,28-04-2025 04:27,24-04-2025 06:28,156.94.178.215,DVC797,physical.docx,2,T29283,35378.0,Lake Corychester,Business Hours,
E2007,Rachel Garcia,07-05-2025 13:01,01-05-2025 19:22,47.216.242.95,DVC935,experience.docx,1,T32786,32512.0,North Ashley,Business Hours,
E2051,Johnny Anderson,28-04-2025 10:18,27-04-2025 01:48,197.87.10.130,DVC804,thank.docx,4,T15307,29108.0,Boltonshire,Business Hours,
E2383,Jessica Nguyen,15-04-2025 12:48,03-05-2025 19:55,58.38.252.251,DVC864,right.xlsx,10,T11131,228314.0,Jennifermouth,Business Hours,
E2336,Jeffrey Kemp,24-04-2025 23:23,07-05-2025 19:34,201.17.132.209,DVC512,possible.csv,3,T90433,47682.0,East Lauraton,Business Hours,
E2060,Mrs. Natalie Wilson,25-04-2025 21:31,22-04-2025 00:50,107.179.182.58,DVC989,institution.docx,1,T43560,11334.0,Tinafurt,After Hours,
E2276,Christopher Galloway,22-04-2025 23:08,06-05-2025 15:00,160.8.38.241,DVC735,decide.csv,3,T87064,14349.0,East Kelsey,Business Hours,
E2095,Kathleen Dodson,22-04-2025 16:43,30-04-2025 13:28,212.227.220.165,DVC868,modern.csv,1,T44479,47858.0,East Joshua,After Hours,
E2013,Angela Parks,19-04-2025 17:12,01-05-2025 01:56,169.164.89.197,DVC833,treat.csv,3,T54420,7756.0,Davidport,After Hours,
E2150,Kevin Martin,06-05-2025 11:01,20-04-2025 14:19,189.65.101.1,DVC730,month.csv,4,T53182,25380.0,Port Jeremystad,After Hours,
E2096,Aaron Castillo,07-05-2025 21:34,30-04-2025 08:18,209.52.66.102,DVC652,recently.docx,2,T67370,40960.0,South Michaelmouth,After Hours,
E2135,Bradley Hopkins,08-05-2025 02:07,17-04-2025 00:37,170.220.252.48,DVC589,each.docx,4,T54754,43160.0,Briggsbury,Business Hours,
E2161,Rita Jones,30-04-2025 18:09,05-05-2025 10:00,197.214.28.32,DVC524,traditional.docx,4,T91659,23858.0,Lake Curtismouth,After Hours,
E2442,Julia Allison MD,29-04-2025 23:49,13-04-2025 13:47,97.149.209.255,DVC933,choose.csv,3,T48006,45482.0,Port Amandafurt,Business Hours,
E2437,Cathy Bryant,22-04-2025 05:34,12-04-2025 09:22,150.233.15.126,DVC733,discussion.docx,4,T24978,13666.0,Rogerston,After Hours,
E2173,Matthew Frost,30-04-2025 11:48,23-04-2025 23:58,18.234.200.118,DVC715,capital.csv,2,T18639,33859.0,Schmidtshire,Business Hours,
E2277,Lisa Stewart,19-04-2025 18:02,03-05-2025 01:28,169.188.98.29,DVC902,most.csv,1,T67961,43304.0,Simmonschester,After Hours,
E2445,Joshua Dalton,13-04-2025 08:51,25-04-2025 13:42,1.19.30.59,DVC548,himself.docx,3,T43845,24219.0,Port Keithburgh,Business Hours,
E2273,Amanda Berry,12-04-2025 15:18,04-05-2025 15:34,51.117.25.104,DVC965,hand.xlsx,3,T49159,45460.0,Gravesbury,After Hours,
E2061,Scott King,24-04-2025 11:30,01-05-2025 17:15,112.13.183.34,DVC634,everything.docx,2,T11283,12668.0,Hillside,Business Hours,
E2064,Grant Vaughn,17-04-2025 10:10,20-04-2025 20:23,93.251.105.247,DVC930,form.xlsx,2,T85469,39069.0,New Mariachester,Business Hours,
E2416,James Sullivan,21-04-2025 18:35,27-04-2025 01:40,47.6.162.155,DVC706,despite.xlsx,3,T26004,1731.0,Garcialand,Business Hours,
E2253,Mark Ward,27-04-2025 21:23,13-04-2025 13:41,88.20.1.70,DVC564,write.docx,3,T34652,19648.0,South Evanchester,Business Hours,
E2155,Elizabeth Riggs,03-05-2025 18:44,09-04-2025 14:39,223.136.150.251,DVC508,perform.csv,3,T21841,25317.0,Melissastad,Business Hours,
E2269,Joanna Lopez,09-04-2025 00:54,15-04-2025 20:16,131.252.28.197,DVC531,study.xlsx,1,T47830,43447.0,Lake Taylor,After Hours,
E2133,Darrell Watson,14-04-2025 17:00,21-04-2025 17:09,99.140.62.133,DVC926,fill.csv,4,T24541,23405.0,Port Kevin,Business Hours,
E2055,Kathryn Costa,01-05-2025 21:13,04-05-2025 19:17,162.71.55.61,DVC941,interest.xlsx,1,T28360,20264.0,New Kenneth,After Hours,
E2474,Mark Wall,24-04-2025 11:04,13-04-2025 02:16,59.109.237.142,DVC518,avoid.docx,4,T41988,14824.0,North Johnhaven,After Hours,
E2065,Kim Fields,12-04-2025 10:19,16-04-2025 16:23,46.122.192.165,DVC587,agree.xlsx,2,T42062,34893.0,Martinezborough,After Hours,
E2362,Antonio Kirby,08-04-2025 19:26,11-04-2025 05:34,79.187.97.44,DVC845,near.docx,4,T44223,3309.0,Monroefurt,Business Hours,
E2079,Dawn Wilson,07-05-2025 06:58,07-05-2025 01:30,57.75.48.99,DVC846,available.docx,4,T57552,36098.0,Veronicahaven,After Hours,
E2176,Robert Mosley,17-04-2025 17:22,11-04-2025 21:50,134.96.106.95,DVC611,remain.csv,1,T56508,41944.0,Stephenfort,After Hours,
E2370,Heather Potter,09-04-2025 16:09,27-04-2025 00:56,185.77.39.10,DVC948,happen.docx,2,T30774,20580.0,Austinside,Business Hours,
E2050,Kyle Miller,17-04-2025 10:01,18-04-2025 23:04,128.52.240.152,DVC823,PM.csv,1,T28763,1550.0,West Brandon,Business Hours,
E2188,Ian Hatfield,19-04-2025 14:19,07-05-2025 04:19,38.157.52.36,DVC855,out.csv,2,T35311,43210.0,New Kathleenberg,After Hours,
E2221,David Hill,22-04-2025 23:51,30-04-2025 01:46,200.25.73.18,DVC908,region.docx,3,T75895,3963.0,Port Linda,Business Hours,
E2353,Christopher Yates,30-04-2025 04:50,11-04-2025 15:33,214.194.226.82,DVC671,sing.xlsx,2,T48739,4409.0,North Lisabury,Business Hours,
E2030,David Carter,12-04-2025 11:40,25-04-2025 21:43,158.19.115.68,DVC881,else.docx,2,T22189,42915.0,Hannahhaven,After Hours,
E2340,Jacob Jones,21-04-2025 11:19,03-05-2025 07:41,68.50.85.188,DVC714,heavy.docx,2,T21157,26128.0,East Kimberly,Business Hours,
E2230,Jeremy Jordan,25-04-2025 06:44,17-04-2025 12:02,91.126.183.70,DVC916,tax.xlsx,2,T60031,17156.0,East Lisa,After Hours,
E2086,Brandon Hunt,01-05-2025 04:23,29-04-2025 15:29,111.172.101.184,DVC512,yourself.docx,1,T61421,7891.0,Doughertyside,After Hours,
E2196,Monica Barnett,12-04-2025 03:46,22-04-2025 22:51,39.110.40.38,DVC907,central.csv,6,T98660,177468.0,West Angelaland,After Hours,
E2317,Philip Fitzgerald,04-05-2025 06:24,14-04-2025 07:53,14.15.111.125,DVC663,any.docx,1,T73848,19106.0,Mccarthyfurt,After Hours,
E2456,Shannon Martin,28-04-2025 09:50,26-04-2025 12:57,180.88.91.31,DVC924,course.csv,1,T68946,46916.0,West James,After Hours,
E2059,Regina Hernandez,09-04-2025 04:41,26-04-2025 15:44,22.132.110.160,DVC543,situation.docx,2,T56616,32517.0,Alexandermouth,After Hours,
E2421,Albert Jones,01-05-2025 15:13,20-04-2025 00:47,124.240.48.143,DVC801,agreement.csv,1,T43998,45866.0,New Jimmyborough,Business Hours,
E2391,Rhonda Jones,09-04-2025 21:36,11-04-2025 17:12,13.252.66.125,DVC593,Republican.csv,8,T61317,172876.0,West Sarahtown,After Hours,
E2382,Alexandra Diaz,29-04-2025 20:07,18-04-2025 10:49,59.32.214.255,DVC996,keep.docx,3,T43781,46009.0,Nicholsberg,After Hours,
E2481,Alex Harris,01-05-2025 08:50,06-05-2025 11:30,14.239.64.207,DVC590,owner.xlsx,3,T93462,15285.0,Smithland,After Hours,
E2123,Sarah Mccoy,23-04-2025 11:04,15-04-2025 02:10,83.31.38.160,DVC838,energy.docx,3,T24693,45945.0,Fordstad,Business Hours,
E2083,Paige Mcmillan,05-05-2025 15:10,02-05-2025 02:21,206.9.211.154,DVC593,each.csv,1,T49501,27941.0,Charlenefurt,Business Hours,
E2244,Ronald Jones,24-04-2025 17:34,17-04-2025 18:34,103.204.223.18,DVC809,fly.csv,2,T48727,8723.0,Amandaville,Business Hours,
E2010,Kevin Torres,24-04-2025 20:05,26-04-2025 06:39,123.20.131.121,DVC918,item.csv,2,T47253,49277.0,Port Kevinfort,Business Hours,
E2241,Mr. Fred Hernandez,12-04-2025 16:19,16-04-2025 21:24,123.79.148.108,DVC915,base.docx,1,T95901,39010.0,Alexismouth,After Hours,
E2457,John Carter,28-04-2025 22:09,12-04-2025 21:06,44.118.159.57,DVC638,or.csv,4,T89264,17339.0,Harrisburgh,After Hours,
E2035,Tonya Webster,28-04-2025 10:38,27-04-2025 09:01,40.4.17.20,DVC596,fight.xlsx,3,T81050,49123.0,East Traciefort,After Hours,
E2040,William Gillespie,11-04-2025 09:14,21-04-2025 08:17,141.146.93.14,DVC848,threat.csv,1,T22419,3761.0,Mendozaville,Business Hours,
E2441,Cassandra Doyle,28-04-2025 08:03,05-05-2025 01:16,182.249.142.23,DVC557,blood.docx,2,T78641,25927.0,South Sabrina,Business Hours,
E2334,David Gross,07-05-2025 20:20,09-04-2025 01:55,203.250.217.48,DVC876,maintain.docx,1,T72657,48250.0,West Heatherland,After Hours,
E2325,Robert Hood,17-04-2025 13:04,04-05-2025 13:19,47.237.115.116,DVC652,area.csv,3,T44622,37712.0,East Samanthachester,After Hours,
E2473,Bruce Anderson,13-04-2025 00:22,10-04-2025 06:03,116.205.66.16,DVC890,second.xlsx,3,T82424,10027.0,North Timothystad,Business Hours,
E2180,Laura Shepherd,17-04-2025 12:47,19-04-2025 01:56,202.212.108.228,DVC748,sure.csv,3,T38514,29244.0,Port Sandra,Business Hours,
E2084,Ralph Pratt,07-05-2025 09:10,02-05-2025 08:08,72.120.20.166,DVC953,tell.csv,2,T18730,19566.0,Lake Rebeccaland,Business Hours,
E2090,Sandra Nelson,15-04-2025 06:33,24-04-2025 15:05,163.198.122.162,DVC844,glass.csv,3,T73427,30745.0,Kellytown,After Hours,
E2396,Dustin Robles,23-04-2025 01:07,16-04-2025 10:25,39.128.114.47,DVC680,crime.xlsx,4,T45890,43857.0,Port Teresaland,After Hours,
E2309,Madeline Baker,07-05-2025 19:36,29-04-2025 20:55,153.233.7.235,DVC549,president.csv,2,T71457,15857.0,North Emily,After Hours,
E2069,Mr. Charles Moore,30-04-2025 23:42,22-04-2025 16:16,210.14.226.190,DVC678,condition.csv,4,T78112,6779.0,West Julie,Business Hours,
E2490,Christopher Payne,22-04-2025 17:37,07-05-2025 01:28,95.110.169.112,DVC704,add.xlsx,3,T95898,12512.0,North Jenny,After Hours,
E2327,Christopher Mack,27-04-2025 05:25,02-05-2025 09:15,115.16.180.199,DVC720,understand.csv,2,T63468,37768.0,Ramirezfort,After Hours,
E2223,Justin Johnson,02-05-2025 21:45,18-04-2025 03:50,7.254.206.163,DVC924,market.csv,1,T56795,27189.0,South Sandraton,Business Hours,
E2033,Dr. Wendy Sanchez,22-04-2025 22:07,25-04-2025 06:17,25.141.35.225,DVC900,past.xlsx,3,T78175,47978.0,Benjaminmouth,After Hours,
E2337,Zachary Martinez,20-04-2025 19:00,17-04-2025 22:47,171.54.27.175,DVC650,risk.docx,2,T55830,36247.0,North Roberttown,After Hours,
E2407,Jennifer Wade,30-04-2025 01:18,26-04-2025 17:00,169.167.9.228,DVC510,family.xlsx,7,T36266,177328.0,Erinport,Business Hours,
E2008,Aaron Zhang,18-04-2025 22:29,14-04-2025 21:27,47.42.187.16,DVC630,decide.xlsx,3,T58765,29562.0,South Christopherland,After Hours,
E2089,Jennifer Knight,16-04-2025 06:12,22-04-2025 11:49,185.42.44.122,DVC830,movement.xlsx,1,T35937,44731.0,Anthonyville,Business Hours,
E2495,Ebony Turner,15-04-2025 01:02,25-04-2025 07:40,26.252.87.82,DVC547,when.docx,3,T91609,33987.0,New Karenberg,Business Hours,
E2485,Bobby Perez,07-05-2025 11:42,25-04-2025 23:52,61.126.141.158,DVC715,glass.docx,1,T79915,24845.0,South Erin,After Hours,
E2211,Curtis Howell,03-05-2025 06:50,14-04-2025 16:19,112.188.177.63,DVC580,able.docx,13,T98920,81958.0,Morganshire,Business Hours,
E2154,Scott Garcia,19-04-2025 06:47,26-04-2025 08:18,158.20.130.92,DVC677,cost.docx,4,T92869,38600.0,Drewborough,After Hours,
E2092,Richard Williamson,29-04-2025 18:41,11-04-2025 23:55,24.253.54.223,DVC704,debate.csv,4,T21437,36298.0,Jenniferport,Business Hours,
E2462,Richard Baker,11-04-2025 03:49,03-05-2025 11:07,94.60.243.187,DVC757,do.csv,2,T68466,37469.0,Jacobbury,Business Hours,
E2260,Cameron Johnson,22-04-2025 02:19,28-04-2025 05:51,166.18.95.154,DVC911,decide.docx,2,T87412,45881.0,Hannahmouth,Business Hours,
E2011,Michelle Thomas,30-04-2025 18:49,10-04-2025 08:32,198.79.78.199,DVC788,game.csv,4,T76725,23239.0,Hooperview,Business Hours,
E2338,Nathaniel Wright,16-04-2025 14:36,16-04-2025 07:06,146.158.115.250,DVC707,all.csv,1,T33813,35788.0,Chapmanberg,After Hours,
E2057,Brandon Whitaker,05-05-2025 12:31,07-05-2025 12:04,170.118.182.219,DVC620,capital.csv,4,T87658,3922.0,South Christinaborough,After Hours,
E2066,Jacob Maldonado,18-04-2025 14:33,13-04-2025 01:30,112.49.197.11,DVC780,technology.docx,1,T44668,15854.0,Brookeside,After Hours,
E2380,Gary Jones,17-04-2025 21:01,29-04-2025 20:06,213.224.231.89,DVC541,despite.csv,1,T83917,26478.0,South Carlland,Business Hours,
E2157,Melissa Thompson,07-05-2025 06:47,26-04-2025 03:30,65.68.87.156,DVC952,possible.docx,2,T13143,46106.0,Woodschester,Business Hours,
E2420,Courtney Thomas,08-04-2025 23:27,21-04-2025 10:19,191.117.136.79,DVC830,end.docx,3,T24960,3784.0,North Lauren,After Hours,
E2450,Taylor Collins,30-04-2025 06:51,16-04-2025 15:57,60.97.79.50,DVC512,among.csv,4,T71926,20886.0,Tylerstad,Business Hours,
E2117,Alexandria Duffy,02-05-2025 11:54,22-04-2025 07:56,179.66.187.239,DVC573,risk.xlsx,4,T49225,29190.0,Hendersonshire,After Hours,
E2058,Lauren Smith,09-04-2025 05:42,25-04-2025 07:12,42.106.80.73,DVC520,everything.xlsx,2,T14317,8857.0,Paulside,After Hours,
E2401,Kristy Cook,05-05-2025 05:23,25-04-2025 01:28,199.44.156.165,DVC777,rather.xlsx,2,T98596,38875.0,West Danny,After Hours,
E2113,Dana Cisneros,23-04-2025 01:06,09-04-2025 16:56,5.105.103.229,DVC802,rock.csv,4,T95188,38542.0,Franklinhaven,After Hours,
E2265,Derek Hill,25-04-2025 01:37,20-04-2025 05:25,31.198.67.64,DVC978,a.csv,1,T39243,27609.0,West Jesseville,After Hours,
E2187,Nicole Shaw,26-04-2025 12:51,09-04-2025 08:14,183.15.69.108,DVC560,star.csv,2,T26600,3214.0,Rickyshire,Business Hours,
E2443,Susan Cherry,26-04-2025 18:35,06-05-2025 11:18,110.89.70.58,DVC798,certain.csv,4,T29090,32890.0,Lake Kylie,Business Hours,
E2167,Jacob Smith,05-05-2025 06:50,28-04-2025 07:32,111.144.181.194,DVC636,move.csv,14,T50100,106488.0,Ericastad,After Hours,
E2097,Jay Harmon,10-04-2025 04:34,30-04-2025 15:51,158.21.82.245,DVC508,note.docx,3,T89370,13568.0,West Monica,Business Hours,
E2417,Daniel Robertson,29-04-2025 22:16,04-05-2025 11:04,8.79.248.233,DVC705,race.docx,1,T28706,18965.0,East Tiffany,After Hours,
E2077,Manuel Salas,25-04-2025 11:15,16-04-2025 11:59,66.104.219.137,DVC827,law.xlsx,3,T17756,27534.0,Williamberg,Business Hours,
E2224,Rebecca Hoover,15-04-2025 20:48,18-04-2025 03:02,69.235.224.33,DVC525,which.docx,1,T21887,19853.0,North Austinfort,After Hours,
E2257,Kristin Davis,03-05-2025 23:14,01-05-2025 12:10,8.241.116.96,DVC773,what.docx,4,T98713,14986.0,Port Natalieport,After Hours,
E2003,Robert Castillo,15-04-2025 01:44,03-05-2025 23:04,184.227.235.206,DVC510,attorney.xlsx,3,T90726,35613.0,Port Matthew,After Hours,
E2121,Cynthia Freeman,28-04-2025 13:15,24-04-2025 01:29,77.54.67.94,DVC537,rule.csv,2,T85621,38836.0,Jonathanfort,Business Hours,
E2170,Natalie Cobb,26-04-2025 05:18,02-05-2025 21:06,136.201.117.14,DVC501,ground.docx,3,T52291,10284.0,East Nathanielborough,After Hours,
E2171,April Pierce,02-05-2025 21:40,25-04-2025 18:07,208.204.222.13,DVC913,upon.xlsx,4,T96158,9543.0,Millerton,After Hours,
E2451,Eric Taylor,17-04-2025 19:22,08-05-2025 03:33,27.142.66.36,DVC567,owner.docx,3,T62185,40324.0,New Johnmouth,Business Hours,
E2270,Donna Rice,18-04-2025 21:31,25-04-2025 05:03,26.18.218.181,DVC540,hour.docx,3,T75396,38508.0,East Stephanie,After Hours,
E2004,Corey Kane,04-05-2025 03:44,11-04-2025 07:26,92.199.202.199,DVC767,example.csv,4,T12630,42785.0,New Luisville,After Hours,
E2041,Joshua Miller,26-04-2025 07:09,14-04-2025 12:25,44.14.101.138,DVC508,seem.xlsx,3,T86441,23766.0,South Yolandachester,Business Hours,
E2209,Jennifer Lee,03-05-2025 02:55,02-05-2025 22:35,161.231.109.110,DVC619,call.docx,1,T90453,40165.0,South Katiestad,After Hours,
E2423,Robin Wolfe,13-04-2025 20:38,02-05-2025 12:24,151.99.99.120,DVC994,science.xlsx,1,T72562,21158.0,North Lukeville,Business Hours,
E2487,Andrea Gibson,07-05-2025 17:06,25-04-2025 21:18,75.90.156.228,DVC913,thing.xlsx,3,T57484,8845.0,Lake Michael,After Hours,
E2045,Victoria Schmidt,16-04-2025 20:27,10-04-2025 03:45,85.62.192.84,DVC812,fear.docx,3,T49348,21032.0,East Rachelhaven,After Hours,
E2459,Taylor Myers,29-04-2025 17:36,09-04-2025 21:21,93.69.144.224,DVC899,mother.docx,2,T68864,41143.0,South Sarah,After Hours,
E2466,Tyler Williams,07-05-2025 07:11,28-04-2025 13:47,13.148.55.129,DVC596,nothing.csv,3,T20228,9193.0,North Jennifer,After Hours,
